INSERT INTO catering.Cooks (id, name) VALUES (1, 'Paolo Paolini');
INSERT INTO catering.Cooks (id, name) VALUES (2, 'Gianfranco Gianfranchini');
INSERT INTO catering.Cooks (id, name) VALUES (3, 'Giulio Giulini');
INSERT INTO catering.Events (id, menu, name, summary_id) VALUES (1, 1, 'Matrimonio', 1);
INSERT INTO catering.Events (id, menu, name, summary_id) VALUES (2, 1, 'Compleanno', null);
INSERT INTO catering.Events (id, menu, name, summary_id) VALUES (3, 1, 'Nubilato', null);
INSERT INTO catering.MenuItems (id, menu, section, description, recipe, position) VALUES (1, 3, 1, 'Voce 1', 1, 0);
INSERT INTO catering.MenuItems (id, menu, section, description, recipe, position) VALUES (2, 3, 1, 'Voce 2', 1, 1);
INSERT INTO catering.MenuItems (id, menu, section, description, recipe, position) VALUES (3, 3, 2, 'Voce 3', 1, 0);
INSERT INTO catering.MenuItems (id, menu, section, description, recipe, position) VALUES (4, 3, 2, 'Voce 4', 1, 2);
INSERT INTO catering.MenuItems (id, menu, section, description, recipe, position) VALUES (5, 3, 0, 'Voce 0', 1, 0);
INSERT INTO catering.MenuItems (id, menu, section, description, recipe, position) VALUES (6, 3, 1, 'Voce 1.5', 1, 2);
INSERT INTO catering.MenuItems (id, menu, section, description, recipe, position) VALUES (7, 3, 2, 'Voce 3.5', 1, 1);
INSERT INTO catering.MenuItems (id, menu, section, description, recipe, position) VALUES (8, 3, 0, 'Voce 0.2', 1, 1);
INSERT INTO catering.MenuItems (id, menu, section, description, recipe, position) VALUES (9, 3, 0, 'Voce 0.8', 1, 2);
INSERT INTO catering.MenuItems (id, menu, section, description, recipe, position) VALUES (10, 3, 3, 'Voce 5', 1, 0);
INSERT INTO catering.MenuItems (id, menu, section, description, recipe, position) VALUES (11, 3, 3, 'Voce 6', 1, 1);
INSERT INTO catering.MenuItems (id, menu, section, description, recipe, position) VALUES (12, 3, 3, 'Voce 7', 1, 2);
INSERT INTO catering.Menus (id, title, menuowner, published, fingerFood, cookRequired, hotDishes, kitchenRequired, buffet) VALUES (1, 'prova in uso', 3, 1, 1, 0, 0, 0, 1);
INSERT INTO catering.Menus (id, title, menuowner, published, fingerFood, cookRequired, hotDishes, kitchenRequired, buffet) VALUES (2, 'prova non in uso', 2, 0, 0, 1, 1, 1, 0);
INSERT INTO catering.Menus (id, title, menuowner, published, fingerFood, cookRequired, hotDishes, kitchenRequired, buffet) VALUES (3, 'prova struttura', 3, 0, 0, 0, 0, 0, 1);
INSERT INTO catering.Menus (id, title, menuowner, published, fingerFood, cookRequired, hotDishes, kitchenRequired, buffet) VALUES (4, 'Ciao', 3, 0, 0, 0, 0, 0, 0);
INSERT INTO catering.Menus (id, title, menuowner, published, fingerFood, cookRequired, hotDishes, kitchenRequired, buffet) VALUES (7, 'prova struttura', 3, 0, 0, 0, 0, 0, 1);
INSERT INTO catering.Recipes (id, name, type) VALUES (1, 'Salsa Tonnata', 'p');
INSERT INTO catering.Recipes (id, name, type) VALUES (2, 'Vitello Tonnato', 'r');
INSERT INTO catering.Recipes (id, name, type) VALUES (3, 'Vitello Tonnato all''Antica', 'r');
INSERT INTO catering.Recipes (id, name, type) VALUES (4, 'Brodo di Manzo Ristretto', 'p');
INSERT INTO catering.Recipes (id, name, type) VALUES (5, 'Risotto alla Milanese', 'r');
INSERT INTO catering.Recipes (id, name, type) VALUES (6, 'Pesto Ligure', 'p');
INSERT INTO catering.Recipes (id, name, type) VALUES (7, 'Trofie avvantaggiate al pesto', 'r');
INSERT INTO catering.Recipes (id, name, type) VALUES (8, 'Orata al forno con olive', 'r');
INSERT INTO catering.Recipes (id, name, type) VALUES (9, 'Insalata russa', 'r');
INSERT INTO catering.Recipes (id, name, type) VALUES (10, 'Bagnet vert', 'p');
INSERT INTO catering.Recipes (id, name, type) VALUES (11, 'Acciughe al verde', 'r');
INSERT INTO catering.Recipes (id, name, type) VALUES (12, 'Agnolotti del plin', 'p');
INSERT INTO catering.Recipes (id, name, type) VALUES (13, 'Agnolotti al sugo d''arrosto', 'r');
INSERT INTO catering.Recipes (id, name, type) VALUES (14, 'Agnolotti burro e salvia', 'r');
INSERT INTO catering.Recipes (id, name, type) VALUES (15, 'Brasato al barolo', 'r');
INSERT INTO catering.Recipes (id, name, type) VALUES (16, 'Panna cotta', 'r');
INSERT INTO catering.Recipes (id, name, type) VALUES (17, 'Tarte tatin', 'r');
INSERT INTO catering.Roles (id, role) VALUES ('c', 'Cuoco');
INSERT INTO catering.Roles (id, role) VALUES ('h', 'Chef');
INSERT INTO catering.Roles (id, role) VALUES ('o', 'Organizzatore');
INSERT INTO catering.Roles (id, role) VALUES ('s', 'Servizio');
INSERT INTO catering.Sections (menu, id, name, position) VALUES (3, 1, 'Primi', null);
INSERT INTO catering.Sections (menu, id, name, position) VALUES (3, 2, 'Secondi', null);
INSERT INTO catering.Sections (menu, id, name, position) VALUES (3, 3, 'Dessert', null);
INSERT INTO catering.Summary (id, task_id) VALUES (1, 1);
INSERT INTO catering.Tasks (id, recipe_id, assigned, cook_id, turn_id, estimaedTime, doses) VALUES (1, 1, 1, 1, 1, null, null);
INSERT INTO catering.Tasks (id, recipe_id, assigned, cook_id, turn_id, estimaedTime, doses) VALUES (3, 4, 1, 2, 1, null, null);
INSERT INTO catering.Turn (id, starttime) VALUES (1, '2019-11-01 14:43:52');
INSERT INTO catering.UserRoles (user, role) VALUES (1, 'o');
INSERT INTO catering.UserRoles (user, role) VALUES (2, 'h');
INSERT INTO catering.UserRoles (user, role) VALUES (2, 'c');
INSERT INTO catering.UserRoles (user, role) VALUES (3, 'h');
INSERT INTO catering.UserRoles (user, role) VALUES (4, 'o');
INSERT INTO catering.UserRoles (user, role) VALUES (4, 'h');
INSERT INTO catering.UserRoles (user, role) VALUES (5, 'c');
INSERT INTO catering.UserRoles (user, role) VALUES (1, 'o');
INSERT INTO catering.UserRoles (user, role) VALUES (2, 'h');
INSERT INTO catering.UserRoles (user, role) VALUES (2, 'c');
INSERT INTO catering.UserRoles (user, role) VALUES (3, 'h');
INSERT INTO catering.UserRoles (user, role) VALUES (4, 'o');
INSERT INTO catering.UserRoles (user, role) VALUES (4, 'h');
INSERT INTO catering.UserRoles (user, role) VALUES (5, 'c');
INSERT INTO catering.Users (id, name) VALUES (1, 'Marco');
INSERT INTO catering.Users (id, name) VALUES (2, 'Tony');
INSERT INTO catering.Users (id, name) VALUES (3, 'Viola');
INSERT INTO catering.Users (id, name) VALUES (4, 'Anna');
INSERT INTO catering.Users (id, name) VALUES (5, 'Giovanni');